set_id,quiz_id,country_name,flag_image,question_text,option_a,option_b,option_c,option_d,correct_answer
Set_01,1,Albania,"=IMAGE(""https://davidlikescat.github.io/003_CC_Flags/canva_upload_ready/flag_images/png/Set_01_001_(albania).png"")",Which country does this flag belong to?,Albania,Liechtenstein,Costa Rica,Cayman Islands,Albania
Set_01,2,Afghanistan,"=IMAGE(""https://davidlikescat.github.io/003_CC_Flags/canva_upload_ready/flag_images/png/Set_01_002_(afghanistan).png"")",Which country does this flag belong to?,Afghanistan,Slovakia,Switzerland,New Caledonia,Afghanistan
Set_01,3,Andorra,"=IMAGE(""https://davidlikescat.github.io/003_CC_Flags/canva_upload_ready/flag_images/png/Set_01_003_(andorra).png"")",Which country does this flag belong to?,Andorra,"Tanzania, United Republic of",Mauritius,Germany,Andorra
Set_02,4,Algeria,"=IMAGE(""https://davidlikescat.github.io/003_CC_Flags/canva_upload_ready/flag_images/png/Set_02_004_(algeria).png"")",Which country does this flag belong to?,Jamaica,Paraguay,Benin,Algeria,Algeria
Set_02,5,American Samoa,"=IMAGE(""https://davidlikescat.github.io/003_CC_Flags/canva_upload_ready/flag_images/png/Set_02_005_(american_samoa).png"")",Which country does this flag belong to?,Saint Lucia,American Samoa,Saint Barthélemy,Western Sahara,American Samoa
Set_02,6,Antarctica,"=IMAGE(""https://davidlikescat.github.io/003_CC_Flags/canva_upload_ready/flag_images/png/Set_02_006_(antarctica).png"")",Which country does this flag belong to?,Zimbabwe,Lebanon,Antarctica,Saint Vincent and the Grenadines,Antarctica
Set_03,7,Argentina,"=IMAGE(""https://davidlikescat.github.io/003_CC_Flags/canva_upload_ready/flag_images/png/Set_03_007_(argentina).png"")",Which country does this flag belong to?,Madagascar,Sierra Leone,Solomon Islands,Argentina,Argentina
Set_03,8,Angola,"=IMAGE(""https://davidlikescat.github.io/003_CC_Flags/canva_upload_ready/flag_images/png/Set_03_008_(angola).png"")",Which country does this flag belong to?,Thailand,Turks and Caicos Islands,Samoa,Angola,Angola
Set_03,9,Antigua and Barbuda,"=IMAGE(""https://davidlikescat.github.io/003_CC_Flags/canva_upload_ready/flag_images/png/Set_03_009_(antigua_and_barbuda).png"")",Which country does this flag belong to?,"Saint Helena, Ascension and Tristan da Cunha",Cambodia,Comoros,Antigua and Barbuda,Antigua and Barbuda
Set_04,10,Australia,"=IMAGE(""https://davidlikescat.github.io/003_CC_Flags/canva_upload_ready/flag_images/png/Set_04_010_(australia).png"")",Which country does this flag belong to?,"Tanzania, United Republic of",Bouvet Island,Australia,Scotland,Australia
Set_04,11,Anguilla,"=IMAGE(""https://davidlikescat.github.io/003_CC_Flags/canva_upload_ready/flag_images/png/Set_04_011_(anguilla).png"")",Which country does this flag belong to?,Russian Federation,Panama,Ghana,Anguilla,Anguilla
Set_04,12,Aruba,"=IMAGE(""https://davidlikescat.github.io/003_CC_Flags/canva_upload_ready/flag_images/png/Set_04_012_(aruba).png"")",Which country does this flag belong to?,Aruba,Belize,Panama,Guinea,Aruba
Set_05,13,Austria,"=IMAGE(""https://davidlikescat.github.io/003_CC_Flags/canva_upload_ready/flag_images/png/Set_05_013_(austria).png"")",Which country does this flag belong to?,Antigua and Barbuda,Austria,Papua New Guinea,Azerbaijan,Austria
Set_05,14,Armenia,"=IMAGE(""https://davidlikescat.github.io/003_CC_Flags/canva_upload_ready/flag_images/png/Set_05_014_(armenia).png"")",Which country does this flag belong to?,Rwanda,Saint Martin,Armenia,Nigeria,Armenia
Set_05,15,Bahamas,"=IMAGE(""https://davidlikescat.github.io/003_CC_Flags/canva_upload_ready/flag_images/png/Set_05_015_(bahamas).png"")",Which country does this flag belong to?,Vietnam,Republic of the Congo,Bahamas,Pitcairn,Bahamas
Set_06,16,Bangladesh,"=IMAGE(""https://davidlikescat.github.io/003_CC_Flags/canva_upload_ready/flag_images/png/Set_06_016_(bangladesh).png"")",Which country does this flag belong to?,Tuvalu,Bangladesh,Albania,Republic of Türkiye,Bangladesh
Set_06,17,Azerbaijan,"=IMAGE(""https://davidlikescat.github.io/003_CC_Flags/canva_upload_ready/flag_images/png/Set_06_017_(azerbaijan).png"")",Which country does this flag belong to?,French Guiana,Cayman Islands,Sao Tome and Principe,Azerbaijan,Azerbaijan
Set_06,18,Barbados,"=IMAGE(""https://davidlikescat.github.io/003_CC_Flags/canva_upload_ready/flag_images/png/Set_06_018_(barbados).png"")",Which country does this flag belong to?,Cyprus,Barbados,Rwanda,Uruguay,Barbados
Set_07,19,Belgium,"=IMAGE(""https://davidlikescat.github.io/003_CC_Flags/canva_upload_ready/flag_images/png/Set_07_019_(belgium).png"")",Which country does this flag belong to?,Belgium,El Salvador,Pakistan,England,Belgium
Set_07,20,Bahrain,"=IMAGE(""https://davidlikescat.github.io/003_CC_Flags/canva_upload_ready/flag_images/png/Set_07_020_(bahrain).png"")",Which country does this flag belong to?,Bahrain,French Guiana,Saint Lucia,Brazil,Bahrain
Set_07,21,Benin,"=IMAGE(""https://davidlikescat.github.io/003_CC_Flags/canva_upload_ready/flag_images/png/Set_07_021_(benin).png"")",Which country does this flag belong to?,Mexico,Benin,Pakistan,Grenada,Benin
Set_08,22,"Bolivia, Plurinational State of","=IMAGE(""https://davidlikescat.github.io/003_CC_Flags/canva_upload_ready/flag_images/png/Set_08_022_(bolivia_plurinational).png"")",Which country does this flag belong to?,Mexico,Maldives,Thailand,"Bolivia, Plurinational State of","Bolivia, Plurinational State of"
Set_08,23,Belarus,"=IMAGE(""https://davidlikescat.github.io/003_CC_Flags/canva_upload_ready/flag_images/png/Set_08_023_(belarus).png"")",Which country does this flag belong to?,Azerbaijan,Tokelau,Belarus,Colombia,Belarus
Set_08,24,Bermuda,"=IMAGE(""https://davidlikescat.github.io/003_CC_Flags/canva_upload_ready/flag_images/png/Set_08_024_(bermuda).png"")",Which country does this flag belong to?,Bermuda,Peru,Isle of Man,Moldova,Bermuda
Set_09,25,Bosnia and Herzegovina,"=IMAGE(""https://davidlikescat.github.io/003_CC_Flags/canva_upload_ready/flag_images/png/Set_09_025_(bosnia_and_herzegovina).png"")",Which country does this flag belong to?,Latvia,Kyrgyzstan,Uganda,Bosnia and Herzegovina,Bosnia and Herzegovina
Set_09,26,Belize,"=IMAGE(""https://davidlikescat.github.io/003_CC_Flags/canva_upload_ready/flag_images/png/Set_09_026_(belize).png"")",Which country does this flag belong to?,Moldova,Belize,"Venezuela, Bolivarian Republic of",Tuvalu,Belize
Set_09,27,Bouvet Island,"=IMAGE(""https://davidlikescat.github.io/003_CC_Flags/canva_upload_ready/flag_images/png/Set_09_027_(bouvet_island).png"")",Which country does this flag belong to?,Saint Kitts and Nevis,Malta,Czech Republic,Bouvet Island,Bouvet Island
Set_10,28,Brazil,"=IMAGE(""https://davidlikescat.github.io/003_CC_Flags/canva_upload_ready/flag_images/png/Set_10_028_(brazil).png"")",Which country does this flag belong to?,Denmark,Somalia,Caribbean Netherlands,Brazil,Brazil
Set_10,29,Bhutan,"=IMAGE(""https://davidlikescat.github.io/003_CC_Flags/canva_upload_ready/flag_images/png/Set_10_029_(bhutan).png"")",Which country does this flag belong to?,Dominica,Saint Pierre and Miquelon,Bhutan,Saint Lucia,Bhutan
Set_10,30,British Indian Ocean Territory,"=IMAGE(""https://davidlikescat.github.io/003_CC_Flags/canva_upload_ready/flag_images/png/Set_10_030_(british_indian_ocean_territory).png"")",Which country does this flag belong to?,Turkmenistan,Afghanistan,British Indian Ocean Territory,Andorra,British Indian Ocean Territory
Set_11,31,Cameroon,"=IMAGE(""https://davidlikescat.github.io/003_CC_Flags/canva_upload_ready/flag_images/png/Set_11_031_(cameroon).png"")",Which country does this flag belong to?,Cameroon,Suriname,Mongolia,Belize,Cameroon
Set_11,32,Botswana,"=IMAGE(""https://davidlikescat.github.io/003_CC_Flags/canva_upload_ready/flag_images/png/Set_11_032_(botswana).png"")",Which country does this flag belong to?,Ecuador,Botswana,Guatemala,England,Botswana
Set_11,33,Burundi,"=IMAGE(""https://davidlikescat.github.io/003_CC_Flags/canva_upload_ready/flag_images/png/Set_11_033_(burundi).png"")",Which country does this flag belong to?,Canada,Réunion,Burundi,Montenegro,Burundi
Set_12,34,Chile,"=IMAGE(""https://davidlikescat.github.io/003_CC_Flags/canva_upload_ready/flag_images/png/Set_12_034_(chile).png"")",Which country does this flag belong to?,"Virgin Islands, British",Chile,Bahrain,Myanmar,Chile
Set_12,35,Brunei Darussalam,"=IMAGE(""https://davidlikescat.github.io/003_CC_Flags/canva_upload_ready/flag_images/png/Set_12_035_(brunei_darussalam).png"")",Which country does this flag belong to?,Northern Ireland,Brunei Darussalam,Montenegro,Jordan,Brunei Darussalam
Set_12,36,Cape Verde,"=IMAGE(""https://davidlikescat.github.io/003_CC_Flags/canva_upload_ready/flag_images/png/Set_12_036_(cape_verde).png"")",Which country does this flag belong to?,Central African Republic,Réunion,Cape Verde,Czech Republic,Cape Verde
Set_13,37,China,"=IMAGE(""https://davidlikescat.github.io/003_CC_Flags/canva_upload_ready/flag_images/png/Set_13_037_(china).png"")",Which country does this flag belong to?,China,Saint Martin,Greece,Uzbekistan,China
Set_13,38,Bulgaria,"=IMAGE(""https://davidlikescat.github.io/003_CC_Flags/canva_upload_ready/flag_images/png/Set_13_038_(bulgaria).png"")",Which country does this flag belong to?,Algeria,Solomon Islands,Saudi Arabia,Bulgaria,Bulgaria
Set_13,39,Cayman Islands,"=IMAGE(""https://davidlikescat.github.io/003_CC_Flags/canva_upload_ready/flag_images/png/Set_13_039_(cayman_islands).png"")",Which country does this flag belong to?,Cayman Islands,Nauru,Zambia,United Arab Emirates,Cayman Islands
Set_14,40,Colombia,"=IMAGE(""https://davidlikescat.github.io/003_CC_Flags/canva_upload_ready/flag_images/png/Set_14_040_(colombia).png"")",Which country does this flag belong to?,Guadeloupe,Colombia,Trinidad and Tobago,Guam,Colombia
Set_14,41,Burkina Faso,"=IMAGE(""https://davidlikescat.github.io/003_CC_Flags/canva_upload_ready/flag_images/png/Set_14_041_(burkina_faso).png"")",Which country does this flag belong to?,Burkina Faso,Ethiopia,Lithuania,Uruguay,Burkina Faso
Set_14,42,Christmas Island,"=IMAGE(""https://davidlikescat.github.io/003_CC_Flags/canva_upload_ready/flag_images/png/Set_14_042_(christmas_island).png"")",Which country does this flag belong to?,Christmas Island,Caribbean Netherlands,Saint Martin,Saint Pierre and Miquelon,Christmas Island
Set_15,43,Costa Rica,"=IMAGE(""https://davidlikescat.github.io/003_CC_Flags/canva_upload_ready/flag_images/png/Set_15_043_(costa_rica).png"")",Which country does this flag belong to?,Saint Kitts and Nevis,Puerto Rico,Costa Rica,Antigua and Barbuda,Costa Rica
Set_15,44,Cambodia,"=IMAGE(""https://davidlikescat.github.io/003_CC_Flags/canva_upload_ready/flag_images/png/Set_15_044_(cambodia).png"")",Which country does this flag belong to?,Japan,Cambodia,Cayman Islands,Åland Islands,Cambodia
Set_15,45,Cocos Islands,"=IMAGE(""https://davidlikescat.github.io/003_CC_Flags/canva_upload_ready/flag_images/png/Set_15_045_(cocos_islands).png"")",Which country does this flag belong to?,Cocos Islands,British Indian Ocean Territory,Benin,Aruba,Cocos Islands
Set_16,46,Croatia,"=IMAGE(""https://davidlikescat.github.io/003_CC_Flags/canva_upload_ready/flag_images/png/Set_16_046_(croatia).png"")",Which country does this flag belong to?,Cyprus,Barbados,Slovenia,Croatia,Croatia
Set_16,47,Canada,"=IMAGE(""https://davidlikescat.github.io/003_CC_Flags/canva_upload_ready/flag_images/png/Set_16_047_(canada).png"")",Which country does this flag belong to?,Kazakhstan,Saint Pierre and Miquelon,Canada,Thailand,Canada
Set_16,48,Comoros,"=IMAGE(""https://davidlikescat.github.io/003_CC_Flags/canva_upload_ready/flag_images/png/Set_16_048_(comoros).png"")",Which country does this flag belong to?,Indonesia,Comoros,Mayotte,Trinidad and Tobago,Comoros
Set_17,49,Cuba,"=IMAGE(""https://davidlikescat.github.io/003_CC_Flags/canva_upload_ready/flag_images/png/Set_17_049_(cuba).png"")",Which country does this flag belong to?,Botswana,Zimbabwe,Sweden,Cuba,Cuba
Set_17,50,Caribbean Netherlands,"=IMAGE(""https://davidlikescat.github.io/003_CC_Flags/canva_upload_ready/flag_images/png/Set_17_050_(caribbean_netherlands).png"")",Which country does this flag belong to?,Nauru,Moldova,South Africa,Caribbean Netherlands,Caribbean Netherlands
Set_17,51,"Congo, the Democratic Republic of the","=IMAGE(""https://davidlikescat.github.io/003_CC_Flags/canva_upload_ready/flag_images/png/Set_17_051_(congo_the_democratic_the).png"")",Which country does this flag belong to?,Caribbean Netherlands,Tokelau,"Congo, the Democratic Republic of the",Mexico,"Congo, the Democratic Republic of the"
Set_18,52,Cyprus,"=IMAGE(""https://davidlikescat.github.io/003_CC_Flags/canva_upload_ready/flag_images/png/Set_18_052_(cyprus).png"")",Which country does this flag belong to?,Cambodia,Chile,Cyprus,Tokelau,Cyprus
Set_18,53,Central African Republic,"=IMAGE(""https://davidlikescat.github.io/003_CC_Flags/canva_upload_ready/flag_images/png/Set_18_053_(central_african_republic).png"")",Which country does this flag belong to?,Martinique,Central African Republic,Spain,Yemen,Central African Republic
Set_18,54,Cook Islands,"=IMAGE(""https://davidlikescat.github.io/003_CC_Flags/canva_upload_ready/flag_images/png/Set_18_054_(cook_islands).png"")",Which country does this flag belong to?,El Salvador,Marshall Islands,Saudi Arabia,Cook Islands,Cook Islands
Set_19,55,Denmark,"=IMAGE(""https://davidlikescat.github.io/003_CC_Flags/canva_upload_ready/flag_images/png/Set_19_055_(denmark).png"")",Which country does this flag belong to?,Guinea,Northern Ireland,Denmark,United Kingdom,Denmark
Set_19,56,Chad,"=IMAGE(""https://davidlikescat.github.io/003_CC_Flags/canva_upload_ready/flag_images/png/Set_19_056_(chad).png"")",Which country does this flag belong to?,Moldova,Bhutan,Chad,Sierra Leone,Chad
Set_19,57,Curaçao,"=IMAGE(""https://davidlikescat.github.io/003_CC_Flags/canva_upload_ready/flag_images/png/Set_19_057_(curaçao).png"")",Which country does this flag belong to?,Cook Islands,Curaçao,Djibouti,Ethiopia,Curaçao
Set_20,58,Ecuador,"=IMAGE(""https://davidlikescat.github.io/003_CC_Flags/canva_upload_ready/flag_images/png/Set_20_058_(ecuador).png"")",Which country does this flag belong to?,Ecuador,Åland Islands,Jamaica,Mongolia,Ecuador
Set_20,59,Czech Republic,"=IMAGE(""https://davidlikescat.github.io/003_CC_Flags/canva_upload_ready/flag_images/png/Set_20_059_(czech_republic).png"")",Which country does this flag belong to?,Switzerland,Czech Republic,Antigua and Barbuda,Mauritius,Czech Republic
Set_20,60,Côte d'Ivoire,"=IMAGE(""https://davidlikescat.github.io/003_CC_Flags/canva_upload_ready/flag_images/png/Set_20_060_(côte_divoire).png"")",Which country does this flag belong to?,Hong Kong,Côte d'Ivoire,Slovakia,French Guiana,Côte d'Ivoire
Set_21,61,Egypt,"=IMAGE(""https://davidlikescat.github.io/003_CC_Flags/canva_upload_ready/flag_images/png/Set_21_061_(egypt).png"")",Which country does this flag belong to?,Egypt,Gabon,Panama,Palau,Egypt
Set_21,62,Dominica,"=IMAGE(""https://davidlikescat.github.io/003_CC_Flags/canva_upload_ready/flag_images/png/Set_21_062_(dominica).png"")",Which country does this flag belong to?,Turkmenistan,Bahamas,Dominica,Bouvet Island,Dominica
Set_21,63,Djibouti,"=IMAGE(""https://davidlikescat.github.io/003_CC_Flags/canva_upload_ready/flag_images/png/Set_21_063_(djibouti).png"")",Which country does this flag belong to?,Kenya,Djibouti,Vietnam,Equatorial Guinea,Djibouti
Set_22,64,Estonia,"=IMAGE(""https://davidlikescat.github.io/003_CC_Flags/canva_upload_ready/flag_images/png/Set_22_064_(estonia).png"")",Which country does this flag belong to?,Estonia,Northern Mariana Islands,Malta,Malawi,Estonia
Set_22,65,Dominican Republic,"=IMAGE(""https://davidlikescat.github.io/003_CC_Flags/canva_upload_ready/flag_images/png/Set_22_065_(dominican_republic).png"")",Which country does this flag belong to?,Dominican Republic,American Samoa,Philippines,Kosovo,Dominican Republic
Set_22,66,England,"=IMAGE(""https://davidlikescat.github.io/003_CC_Flags/canva_upload_ready/flag_images/png/Set_22_066_(england).png"")",Which country does this flag belong to?,England,Colombia,China,Saint Barthélemy,England
Set_23,67,Ethiopia,"=IMAGE(""https://davidlikescat.github.io/003_CC_Flags/canva_upload_ready/flag_images/png/Set_23_067_(ethiopia).png"")",Which country does this flag belong to?,Ecuador,"Congo, the Democratic Republic of the",Ethiopia,Germany,Ethiopia
Set_23,68,El Salvador,"=IMAGE(""https://davidlikescat.github.io/003_CC_Flags/canva_upload_ready/flag_images/png/Set_23_068_(el_salvador).png"")",Which country does this flag belong to?,Nicaragua,Azerbaijan,Uruguay,El Salvador,El Salvador
Set_23,69,Equatorial Guinea,"=IMAGE(""https://davidlikescat.github.io/003_CC_Flags/canva_upload_ready/flag_images/png/Set_23_069_(equatorial_guinea).png"")",Which country does this flag belong to?,Belarus,Equatorial Guinea,Caribbean Netherlands,Togo,Equatorial Guinea
Set_24,70,Fiji,"=IMAGE(""https://davidlikescat.github.io/003_CC_Flags/canva_upload_ready/flag_images/png/Set_24_070_(fiji).png"")",Which country does this flag belong to?,Réunion,French Southern Territories,Fiji,Syrian Arab Republic,Fiji
Set_24,71,French Southern Territories,"=IMAGE(""https://davidlikescat.github.io/003_CC_Flags/canva_upload_ready/flag_images/png/Set_24_071_(french_southern_territories).png"")",Which country does this flag belong to?,Burkina Faso,French Southern Territories,Costa Rica,Germany,French Southern Territories
Set_24,72,Eritrea,"=IMAGE(""https://davidlikescat.github.io/003_CC_Flags/canva_upload_ready/flag_images/png/Set_24_072_(eritrea).png"")",Which country does this flag belong to?,Cayman Islands,Cyprus,Eritrea,US Minor Outlying Islands,Eritrea
Set_25,73,Finland,"=IMAGE(""https://davidlikescat.github.io/003_CC_Flags/canva_upload_ready/flag_images/png/Set_25_073_(finland).png"")",Which country does this flag belong to?,Liberia,Turks and Caicos Islands,South Sudan,Finland,Finland
Set_25,74,Gabon,"=IMAGE(""https://davidlikescat.github.io/003_CC_Flags/canva_upload_ready/flag_images/png/Set_25_074_(gabon).png"")",Which country does this flag belong to?,Finland,Djibouti,United States,Gabon,Gabon
Set_25,75,Europe,"=IMAGE(""https://davidlikescat.github.io/003_CC_Flags/canva_upload_ready/flag_images/png/Set_25_075_(europe).png"")",Which country does this flag belong to?,Europe,Greece,Suriname,Somalia,Europe
Set_26,76,France,"=IMAGE(""https://davidlikescat.github.io/003_CC_Flags/canva_upload_ready/flag_images/png/Set_26_076_(france).png"")",Which country does this flag belong to?,French Guiana,Northern Mariana Islands,Comoros,France,France
Set_26,77,Gambia,"=IMAGE(""https://davidlikescat.github.io/003_CC_Flags/canva_upload_ready/flag_images/png/Set_26_077_(gambia).png"")",Which country does this flag belong to?,Cuba,Georgia,Gambia,Austria,Gambia
Set_26,78,Falkland Islands,"=IMAGE(""https://davidlikescat.github.io/003_CC_Flags/canva_upload_ready/flag_images/png/Set_26_078_(falkland_islands).png"")",Which country does this flag belong to?,South Sudan,Singapore,Falkland Islands,Egypt,Falkland Islands
Set_27,79,Germany,"=IMAGE(""https://davidlikescat.github.io/003_CC_Flags/canva_upload_ready/flag_images/png/Set_27_079_(germany).png"")",Which country does this flag belong to?,Uganda,Croatia,Germany,Pakistan,Germany
Set_27,80,Georgia,"=IMAGE(""https://davidlikescat.github.io/003_CC_Flags/canva_upload_ready/flag_images/png/Set_27_080_(georgia).png"")",Which country does this flag belong to?,Georgia,Saint Lucia,Cape Verde,Trinidad and Tobago,Georgia
Set_27,81,Faroe Islands,"=IMAGE(""https://davidlikescat.github.io/003_CC_Flags/canva_upload_ready/flag_images/png/Set_27_081_(faroe_islands).png"")",Which country does this flag belong to?,Ukraine,Pakistan,Mauritius,Faroe Islands,Faroe Islands
Set_28,82,Ghana,"=IMAGE(""https://davidlikescat.github.io/003_CC_Flags/canva_upload_ready/flag_images/png/Set_28_082_(ghana).png"")",Which country does this flag belong to?,Greenland,Kazakhstan,Ghana,Falkland Islands,Ghana
Set_28,83,Guinea-Bissau,"=IMAGE(""https://davidlikescat.github.io/003_CC_Flags/canva_upload_ready/flag_images/png/Set_28_083_(guinea-bissau).png"")",Which country does this flag belong to?,Kingdom of Eswatini,Honduras,Guinea-Bissau,Botswana,Guinea-Bissau
Set_28,84,French Guiana,"=IMAGE(""https://davidlikescat.github.io/003_CC_Flags/canva_upload_ready/flag_images/png/Set_28_084_(french_guiana).png"")",Which country does this flag belong to?,French Guiana,Pitcairn,Virgin Islands Us,Wales,French Guiana
Set_29,85,Greece,"=IMAGE(""https://davidlikescat.github.io/003_CC_Flags/canva_upload_ready/flag_images/png/Set_29_085_(greece).png"")",Which country does this flag belong to?,Dominica,Cook Islands,Bosnia and Herzegovina,Greece,Greece
Set_29,86,Guyana,"=IMAGE(""https://davidlikescat.github.io/003_CC_Flags/canva_upload_ready/flag_images/png/Set_29_086_(guyana).png"")",Which country does this flag belong to?,Guyana,Albania,Singapore,Guam,Guyana
Set_29,87,French Polynesia,"=IMAGE(""https://davidlikescat.github.io/003_CC_Flags/canva_upload_ready/flag_images/png/Set_29_087_(french_polynesia).png"")",Which country does this flag belong to?,Armenia,French Polynesia,Solomon Islands,"Bolivia, Plurinational State of",French Polynesia
Set_30,88,Guatemala,"=IMAGE(""https://davidlikescat.github.io/003_CC_Flags/canva_upload_ready/flag_images/png/Set_30_088_(guatemala).png"")",Which country does this flag belong to?,Cameroon,"Venezuela, Bolivarian Republic of",Guatemala,Lebanon,Guatemala
Set_30,89,Haiti,"=IMAGE(""https://davidlikescat.github.io/003_CC_Flags/canva_upload_ready/flag_images/png/Set_30_089_(haiti).png"")",Which country does this flag belong to?,North Macedonia,"Iran, Islamic Republic of",Colombia,Haiti,Haiti
Set_30,90,Gibraltar,"=IMAGE(""https://davidlikescat.github.io/003_CC_Flags/canva_upload_ready/flag_images/png/Set_30_090_(gibraltar).png"")",Which country does this flag belong to?,Madagascar,India,Gibraltar,Republic of Türkiye,Gibraltar
Set_31,91,Honduras,"=IMAGE(""https://davidlikescat.github.io/003_CC_Flags/canva_upload_ready/flag_images/png/Set_31_091_(honduras).png"")",Which country does this flag belong to?,Libya,Hong Kong,Honduras,Guernsey,Honduras
Set_31,92,Iraq,"=IMAGE(""https://davidlikescat.github.io/003_CC_Flags/canva_upload_ready/flag_images/png/Set_31_092_(iraq).png"")",Which country does this flag belong to?,Bermuda,Liberia,Iraq,Solomon Islands,Iraq
Set_31,93,Greenland,"=IMAGE(""https://davidlikescat.github.io/003_CC_Flags/canva_upload_ready/flag_images/png/Set_31_093_(greenland).png"")",Which country does this flag belong to?,Greenland,Timor-Leste,San Marino,Grenada,Greenland
Set_32,94,Hungary,"=IMAGE(""https://davidlikescat.github.io/003_CC_Flags/canva_upload_ready/flag_images/png/Set_32_094_(hungary).png"")",Which country does this flag belong to?,Mozambique,Hungary,Qatar,Bosnia and Herzegovina,Hungary
Set_32,95,Jordan,"=IMAGE(""https://davidlikescat.github.io/003_CC_Flags/canva_upload_ready/flag_images/png/Set_32_095_(jordan).png"")",Which country does this flag belong to?,Anguilla,Jordan,Burkina Faso,Solomon Islands,Jordan
Set_32,96,Grenada,"=IMAGE(""https://davidlikescat.github.io/003_CC_Flags/canva_upload_ready/flag_images/png/Set_32_096_(grenada).png"")",Which country does this flag belong to?,Lesotho,Germany,South Sudan,Grenada,Grenada
Set_33,97,Iceland,"=IMAGE(""https://davidlikescat.github.io/003_CC_Flags/canva_upload_ready/flag_images/png/Set_33_097_(iceland).png"")",Which country does this flag belong to?,Martinique,Isle of Man,Sudan,Iceland,Iceland
Set_33,98,Kazakhstan,"=IMAGE(""https://davidlikescat.github.io/003_CC_Flags/canva_upload_ready/flag_images/png/Set_33_098_(kazakhstan).png"")",Which country does this flag belong to?,Kazakhstan,Greenland,Ireland,Slovakia,Kazakhstan
Set_33,99,Guadeloupe,"=IMAGE(""https://davidlikescat.github.io/003_CC_Flags/canva_upload_ready/flag_images/png/Set_33_099_(guadeloupe).png"")",Which country does this flag belong to?,Trinidad and Tobago,Guadeloupe,Senegal,Japan,Guadeloupe
Set_34,100,India,"=IMAGE(""https://davidlikescat.github.io/003_CC_Flags/canva_upload_ready/flag_images/png/Set_34_100_(india).png"")",Which country does this flag belong to?,"Bolivia, Plurinational State of",Lesotho,Panama,India,India
Set_34,101,"Korea, Republic of","=IMAGE(""https://davidlikescat.github.io/003_CC_Flags/canva_upload_ready/flag_images/png/Set_34_101_(korea).png"")",Which country does this flag belong to?,"Korea, Republic of",Cocos Islands,Singapore,American Samoa,"Korea, Republic of"
Set_34,102,Guam,"=IMAGE(""https://davidlikescat.github.io/003_CC_Flags/canva_upload_ready/flag_images/png/Set_34_102_(guam).png"")",Which country does this flag belong to?,Indonesia,"Bolivia, Plurinational State of",Sudan,Guam,Guam
Set_35,103,Indonesia,"=IMAGE(""https://davidlikescat.github.io/003_CC_Flags/canva_upload_ready/flag_images/png/Set_35_103_(indonesia).png"")",Which country does this flag belong to?,Angola,Indonesia,Saudi Arabia,Puerto Rico,Indonesia
Set_35,104,Kosovo,"=IMAGE(""https://davidlikescat.github.io/003_CC_Flags/canva_upload_ready/flag_images/png/Set_35_104_(kosovo).png"")",Which country does this flag belong to?,Wallis and Futuna Islands,Kosovo,Benin,Comoros,Kosovo
Set_35,105,Guernsey,"=IMAGE(""https://davidlikescat.github.io/003_CC_Flags/canva_upload_ready/flag_images/png/Set_35_105_(guernsey).png"")",Which country does this flag belong to?,Guernsey,Bouvet Island,Botswana,Sint Maarten,Guernsey
Set_36,106,"Iran, Islamic Republic of","=IMAGE(""https://davidlikescat.github.io/003_CC_Flags/canva_upload_ready/flag_images/png/Set_36_106_(iran_islamic).png"")",Which country does this flag belong to?,Ethiopia,Gambia,"Iran, Islamic Republic of",Sint Maarten,"Iran, Islamic Republic of"
Set_36,107,Kuwait,"=IMAGE(""https://davidlikescat.github.io/003_CC_Flags/canva_upload_ready/flag_images/png/Set_36_107_(kuwait).png"")",Which country does this flag belong to?,Macao,Vanuatu,Kuwait,Côte d'Ivoire,Kuwait
Set_36,108,Guinea,"=IMAGE(""https://davidlikescat.github.io/003_CC_Flags/canva_upload_ready/flag_images/png/Set_36_108_(guinea).png"")",Which country does this flag belong to?,Guinea,Egypt,US Minor Outlying Islands,Europe,Guinea
Set_37,109,Ireland,"=IMAGE(""https://davidlikescat.github.io/003_CC_Flags/canva_upload_ready/flag_images/png/Set_37_109_(ireland).png"")",Which country does this flag belong to?,Turkmenistan,Samoa,Cameroon,Ireland,Ireland
Set_37,110,Kyrgyzstan,"=IMAGE(""https://davidlikescat.github.io/003_CC_Flags/canva_upload_ready/flag_images/png/Set_37_110_(kyrgyzstan).png"")",Which country does this flag belong to?,South Georgia and the South Sandwich Islands,Kenya,Kyrgyzstan,Malta,Kyrgyzstan
Set_37,111,Heard Island and McDonald Islands,"=IMAGE(""https://davidlikescat.github.io/003_CC_Flags/canva_upload_ready/flag_images/png/Set_37_111_(heard_island_and_mcdonald_islands).png"")",Which country does this flag belong to?,Antigua and Barbuda,Tokelau,Mayotte,Heard Island and McDonald Islands,Heard Island and McDonald Islands
Set_38,112,Israel,"=IMAGE(""https://davidlikescat.github.io/003_CC_Flags/canva_upload_ready/flag_images/png/Set_38_112_(israel).png"")",Which country does this flag belong to?,Cocos Islands,Portugal,Korea Democratic Peoples,Israel,Israel
Set_38,113,Laos,"=IMAGE(""https://davidlikescat.github.io/003_CC_Flags/canva_upload_ready/flag_images/png/Set_38_113_(laos).png"")",Which country does this flag belong to?,Belarus,Laos,Burundi,"Tanzania, United Republic of",Laos
Set_38,114,Holy See,"=IMAGE(""https://davidlikescat.github.io/003_CC_Flags/canva_upload_ready/flag_images/png/Set_38_114_(holy_see).png"")",Which country does this flag belong to?,Holy See,Belarus,Uruguay,Croatia,Holy See
Set_39,115,Italy,"=IMAGE(""https://davidlikescat.github.io/003_CC_Flags/canva_upload_ready/flag_images/png/Set_39_115_(italy).png"")",Which country does this flag belong to?,Sweden,Macao,Rwanda,Italy,Italy
Set_39,116,Liechtenstein,"=IMAGE(""https://davidlikescat.github.io/003_CC_Flags/canva_upload_ready/flag_images/png/Set_39_116_(liechtenstein).png"")",Which country does this flag belong to?,Liechtenstein,Lesotho,Haiti,Burundi,Liechtenstein
Set_39,117,Hong Kong,"=IMAGE(""https://davidlikescat.github.io/003_CC_Flags/canva_upload_ready/flag_images/png/Set_39_117_(hong_kong).png"")",Which country does this flag belong to?,Aruba,Hong Kong,Myanmar,Lithuania,Hong Kong
Set_40,118,Jamaica,"=IMAGE(""https://davidlikescat.github.io/003_CC_Flags/canva_upload_ready/flag_images/png/Set_40_118_(jamaica).png"")",Which country does this flag belong to?,Caribbean Netherlands,Angola,Zimbabwe,Jamaica,Jamaica
Set_40,119,Macao,"=IMAGE(""https://davidlikescat.github.io/003_CC_Flags/canva_upload_ready/flag_images/png/Set_40_119_(macao).png"")",Which country does this flag belong to?,Nauru,Australia,Macao,Kiribati,Macao
Set_40,120,Isle of Man,"=IMAGE(""https://davidlikescat.github.io/003_CC_Flags/canva_upload_ready/flag_images/png/Set_40_120_(isle_of_man).png"")",Which country does this flag belong to?,"Korea, Republic of",Isle of Man,Germany,Nauru,Isle of Man
Set_41,121,Japan,"=IMAGE(""https://davidlikescat.github.io/003_CC_Flags/canva_upload_ready/flag_images/png/Set_41_121_(japan).png"")",Which country does this flag belong to?,Faroe Islands,Haiti,Solomon Islands,Japan,Japan
Set_41,122,Madagascar,"=IMAGE(""https://davidlikescat.github.io/003_CC_Flags/canva_upload_ready/flag_images/png/Set_41_122_(madagascar).png"")",Which country does this flag belong to?,Brunei Darussalam,Isle of Man,Madagascar,Haiti,Madagascar
Set_41,123,Jersey,"=IMAGE(""https://davidlikescat.github.io/003_CC_Flags/canva_upload_ready/flag_images/png/Set_41_123_(jersey).png"")",Which country does this flag belong to?,Ghana,Tonga,Mali,Jersey,Jersey
Set_42,124,Kenya,"=IMAGE(""https://davidlikescat.github.io/003_CC_Flags/canva_upload_ready/flag_images/png/Set_42_124_(kenya).png"")",Which country does this flag belong to?,Kenya,Northern Mariana Islands,Croatia,Gibraltar,Kenya
Set_42,125,Maldives,"=IMAGE(""https://davidlikescat.github.io/003_CC_Flags/canva_upload_ready/flag_images/png/Set_42_125_(maldives).png"")",Which country does this flag belong to?,Maldives,Uruguay,Central African Republic,Canada,Maldives
Set_42,126,Kingdom of Eswatini,"=IMAGE(""https://davidlikescat.github.io/003_CC_Flags/canva_upload_ready/flag_images/png/Set_42_126_(kingdom_of_eswatini).png"")",Which country does this flag belong to?,Greenland,Kingdom of Eswatini,"Saint Helena, Ascension and Tristan da Cunha",United Kingdom,Kingdom of Eswatini
Set_43,127,Latvia,"=IMAGE(""https://davidlikescat.github.io/003_CC_Flags/canva_upload_ready/flag_images/png/Set_43_127_(latvia).png"")",Which country does this flag belong to?,Russian Federation,Czech Republic,Latvia,Cambodia,Latvia
Set_43,128,Mali,"=IMAGE(""https://davidlikescat.github.io/003_CC_Flags/canva_upload_ready/flag_images/png/Set_43_128_(mali).png"")",Which country does this flag belong to?,Saint Vincent and the Grenadines,Mali,Cyprus,Guyana,Mali
Set_43,129,Kiribati,"=IMAGE(""https://davidlikescat.github.io/003_CC_Flags/canva_upload_ready/flag_images/png/Set_43_129_(kiribati).png"")",Which country does this flag belong to?,United Arab Emirates,Ireland,Kiribati,Luxembourg,Kiribati
Set_44,130,Lebanon,"=IMAGE(""https://davidlikescat.github.io/003_CC_Flags/canva_upload_ready/flag_images/png/Set_44_130_(lebanon).png"")",Which country does this flag belong to?,Benin,Lebanon,Mayotte,Tuvalu,Lebanon
Set_44,131,Martinique,"=IMAGE(""https://davidlikescat.github.io/003_CC_Flags/canva_upload_ready/flag_images/png/Set_44_131_(martinique).png"")",Which country does this flag belong to?,"Saint Helena, Ascension and Tristan da Cunha",Martinique,American Samoa,Germany,Martinique
Set_44,132,Korea Democratic Peoples,"=IMAGE(""https://davidlikescat.github.io/003_CC_Flags/canva_upload_ready/flag_images/png/Set_44_132_(korea_democratic_peoples).png"")",Which country does this flag belong to?,Jamaica,Falkland Islands,South Georgia and the South Sandwich Islands,Korea Democratic Peoples,Korea Democratic Peoples
Set_45,133,Libya,"=IMAGE(""https://davidlikescat.github.io/003_CC_Flags/canva_upload_ready/flag_images/png/Set_45_133_(libya).png"")",Which country does this flag belong to?,Cook Islands,French Southern Territories,Libya,Slovenia,Libya
Set_45,134,Mauritania,"=IMAGE(""https://davidlikescat.github.io/003_CC_Flags/canva_upload_ready/flag_images/png/Set_45_134_(mauritania).png"")",Which country does this flag belong to?,Romania,Kyrgyzstan,Sao Tome and Principe,Mauritania,Mauritania
Set_45,135,Lesotho,"=IMAGE(""https://davidlikescat.github.io/003_CC_Flags/canva_upload_ready/flag_images/png/Set_45_135_(lesotho).png"")",Which country does this flag belong to?,Virgin Islands Us,Equatorial Guinea,Lesotho,Liechtenstein,Lesotho
Set_46,136,Lithuania,"=IMAGE(""https://davidlikescat.github.io/003_CC_Flags/canva_upload_ready/flag_images/png/Set_46_136_(lithuania).png"")",Which country does this flag belong to?,Lithuania,Kyrgyzstan,French Southern Territories,England,Lithuania
Set_46,137,Mauritius,"=IMAGE(""https://davidlikescat.github.io/003_CC_Flags/canva_upload_ready/flag_images/png/Set_46_137_(mauritius).png"")",Which country does this flag belong to?,Mauritius,Bosnia and Herzegovina,South Sudan,Philippines,Mauritius
Set_46,138,Liberia,"=IMAGE(""https://davidlikescat.github.io/003_CC_Flags/canva_upload_ready/flag_images/png/Set_46_138_(liberia).png"")",Which country does this flag belong to?,Liberia,Cameroon,Mexico,Mauritius,Liberia
Set_47,139,Luxembourg,"=IMAGE(""https://davidlikescat.github.io/003_CC_Flags/canva_upload_ready/flag_images/png/Set_47_139_(luxembourg).png"")",Which country does this flag belong to?,Morocco,Martinique,Luxembourg,Macao,Luxembourg
Set_47,140,Mayotte,"=IMAGE(""https://davidlikescat.github.io/003_CC_Flags/canva_upload_ready/flag_images/png/Set_47_140_(mayotte).png"")",Which country does this flag belong to?,Portugal,Israel,Equatorial Guinea,Mayotte,Mayotte
Set_47,141,Malawi,"=IMAGE(""https://davidlikescat.github.io/003_CC_Flags/canva_upload_ready/flag_images/png/Set_47_141_(malawi).png"")",Which country does this flag belong to?,Marshall Islands,Mozambique,Malawi,Uganda,Malawi
Set_48,142,Malaysia,"=IMAGE(""https://davidlikescat.github.io/003_CC_Flags/canva_upload_ready/flag_images/png/Set_48_142_(malaysia).png"")",Which country does this flag belong to?,Malaysia,Oman,Iceland,Spain,Malaysia
Set_48,143,"Micronesia, Federated States of","=IMAGE(""https://davidlikescat.github.io/003_CC_Flags/canva_upload_ready/flag_images/png/Set_48_143_(micronesia).png"")",Which country does this flag belong to?,Norfolk Island,"Micronesia, Federated States of",Palau,Holy See,"Micronesia, Federated States of"
Set_48,144,Marshall Islands,"=IMAGE(""https://davidlikescat.github.io/003_CC_Flags/canva_upload_ready/flag_images/png/Set_48_144_(marshall_islands).png"")",Which country does this flag belong to?,Marshall Islands,Guernsey,Virgin Islands Us,Papua New Guinea,Marshall Islands
Set_49,145,Malta,"=IMAGE(""https://davidlikescat.github.io/003_CC_Flags/canva_upload_ready/flag_images/png/Set_49_145_(malta).png"")",Which country does this flag belong to?,Malta,Saudi Arabia,Kiribati,Niue,Malta
Set_49,146,Moldova,"=IMAGE(""https://davidlikescat.github.io/003_CC_Flags/canva_upload_ready/flag_images/png/Set_49_146_(moldova).png"")",Which country does this flag belong to?,Moldova,Saint Lucia,Switzerland,French Polynesia,Moldova
Set_49,147,Montserrat,"=IMAGE(""https://davidlikescat.github.io/003_CC_Flags/canva_upload_ready/flag_images/png/Set_49_147_(montserrat).png"")",Which country does this flag belong to?,El Salvador,Montserrat,Korea Democratic Peoples,San Marino,Montserrat
Set_50,148,Mexico,"=IMAGE(""https://davidlikescat.github.io/003_CC_Flags/canva_upload_ready/flag_images/png/Set_50_148_(mexico).png"")",Which country does this flag belong to?,French Polynesia,Mexico,Rwanda,Taiwan (Republic of China),Mexico
Set_50,149,Mongolia,"=IMAGE(""https://davidlikescat.github.io/003_CC_Flags/canva_upload_ready/flag_images/png/Set_50_149_(mongolia).png"")",Which country does this flag belong to?,Indonesia,Mongolia,Sierra Leone,Kosovo,Mongolia
Set_50,150,Nauru,"=IMAGE(""https://davidlikescat.github.io/003_CC_Flags/canva_upload_ready/flag_images/png/Set_50_150_(nauru).png"")",Which country does this flag belong to?,Saint Barthélemy,American Samoa,Nauru,"Congo, the Democratic Republic of the",Nauru
Set_51,151,Monaco,"=IMAGE(""https://davidlikescat.github.io/003_CC_Flags/canva_upload_ready/flag_images/png/Set_51_151_(monaco).png"")",Which country does this flag belong to?,Monaco,Korea Democratic Peoples,Mozambique,Greenland,Monaco
Set_51,152,Montenegro,"=IMAGE(""https://davidlikescat.github.io/003_CC_Flags/canva_upload_ready/flag_images/png/Set_51_152_(montenegro).png"")",Which country does this flag belong to?,Montenegro,Jordan,Singapore,Ireland,Montenegro
Set_51,153,New Caledonia,"=IMAGE(""https://davidlikescat.github.io/003_CC_Flags/canva_upload_ready/flag_images/png/Set_51_153_(new_caledonia).png"")",Which country does this flag belong to?,New Caledonia,Georgia,Turks and Caicos Islands,Faroe Islands,New Caledonia
Set_52,154,Morocco,"=IMAGE(""https://davidlikescat.github.io/003_CC_Flags/canva_upload_ready/flag_images/png/Set_52_154_(morocco).png"")",Which country does this flag belong to?,Niger,Morocco,Mayotte,Singapore,Morocco
Set_52,155,Mozambique,"=IMAGE(""https://davidlikescat.github.io/003_CC_Flags/canva_upload_ready/flag_images/png/Set_52_155_(mozambique).png"")",Which country does this flag belong to?,Mozambique,Cook Islands,Iceland,Grenada,Mozambique
Set_52,156,Niue,"=IMAGE(""https://davidlikescat.github.io/003_CC_Flags/canva_upload_ready/flag_images/png/Set_52_156_(niue).png"")",Which country does this flag belong to?,Gabon,South Sudan,China,Niue,Niue
Set_53,157,Nepal,"=IMAGE(""https://davidlikescat.github.io/003_CC_Flags/canva_upload_ready/flag_images/png/Set_53_157_(nepal).png"")",Which country does this flag belong to?,French Southern Territories,Nepal,American Samoa,Bosnia and Herzegovina,Nepal
Set_53,158,Myanmar,"=IMAGE(""https://davidlikescat.github.io/003_CC_Flags/canva_upload_ready/flag_images/png/Set_53_158_(myanmar).png"")",Which country does this flag belong to?,"Saint Helena, Ascension and Tristan da Cunha",Falkland Islands,Myanmar,Czech Republic,Myanmar
Set_53,159,Norfolk Island,"=IMAGE(""https://davidlikescat.github.io/003_CC_Flags/canva_upload_ready/flag_images/png/Set_53_159_(norfolk_island).png"")",Which country does this flag belong to?,Norfolk Island,Czech Republic,Kosovo,India,Norfolk Island
Set_54,160,Netherlands,"=IMAGE(""https://davidlikescat.github.io/003_CC_Flags/canva_upload_ready/flag_images/png/Set_54_160_(netherlands).png"")",Which country does this flag belong to?,Zimbabwe,Austria,Papua New Guinea,Netherlands,Netherlands
Set_54,161,Namibia,"=IMAGE(""https://davidlikescat.github.io/003_CC_Flags/canva_upload_ready/flag_images/png/Set_54_161_(namibia).png"")",Which country does this flag belong to?,Grenada,Namibia,China,Liberia,Namibia
Set_54,162,Northern Ireland,"=IMAGE(""https://davidlikescat.github.io/003_CC_Flags/canva_upload_ready/flag_images/png/Set_54_162_(northern_ireland).png"")",Which country does this flag belong to?,Russian Federation,Northern Ireland,Svalbard and Jan Mayen Islands,Europe,Northern Ireland
Set_55,163,New Zealand,"=IMAGE(""https://davidlikescat.github.io/003_CC_Flags/canva_upload_ready/flag_images/png/Set_55_163_(new_zealand).png"")",Which country does this flag belong to?,Oman,New Zealand,Syrian Arab Republic,Russian Federation,New Zealand
Set_55,164,Nicaragua,"=IMAGE(""https://davidlikescat.github.io/003_CC_Flags/canva_upload_ready/flag_images/png/Set_55_164_(nicaragua).png"")",Which country does this flag belong to?,Russian Federation,Kenya,Dominica,Nicaragua,Nicaragua
Set_55,165,Northern Mariana Islands,"=IMAGE(""https://davidlikescat.github.io/003_CC_Flags/canva_upload_ready/flag_images/png/Set_55_165_(northern_mariana_islands).png"")",Which country does this flag belong to?,Denmark,Ireland,Martinique,Northern Mariana Islands,Northern Mariana Islands
Set_56,166,Nigeria,"=IMAGE(""https://davidlikescat.github.io/003_CC_Flags/canva_upload_ready/flag_images/png/Set_56_166_(nigeria).png"")",Which country does this flag belong to?,Nigeria,Sint Maarten,Slovenia,England,Nigeria
Set_56,167,Niger,"=IMAGE(""https://davidlikescat.github.io/003_CC_Flags/canva_upload_ready/flag_images/png/Set_56_167_(niger).png"")",Which country does this flag belong to?,Djibouti,Benin,Niger,Panama,Niger
Set_56,168,Palau,"=IMAGE(""https://davidlikescat.github.io/003_CC_Flags/canva_upload_ready/flag_images/png/Set_56_168_(palau).png"")",Which country does this flag belong to?,"Virgin Islands, British",Nigeria,Virgin Islands Us,Palau,Palau
Set_57,169,Norway,"=IMAGE(""https://davidlikescat.github.io/003_CC_Flags/canva_upload_ready/flag_images/png/Set_57_169_(norway).png"")",Which country does this flag belong to?,Tonga,Poland,Norway,Indonesia,Norway
Set_57,170,North Macedonia,"=IMAGE(""https://davidlikescat.github.io/003_CC_Flags/canva_upload_ready/flag_images/png/Set_57_170_(north_macedonia).png"")",Which country does this flag belong to?,Sint Maarten,Antigua and Barbuda,North Macedonia,Libya,North Macedonia
Set_57,171,Palestine,"=IMAGE(""https://davidlikescat.github.io/003_CC_Flags/canva_upload_ready/flag_images/png/Set_57_171_(palestine).png"")",Which country does this flag belong to?,Zambia,Christmas Island,"Bolivia, Plurinational State of",Palestine,Palestine
Set_58,172,Pakistan,"=IMAGE(""https://davidlikescat.github.io/003_CC_Flags/canva_upload_ready/flag_images/png/Set_58_172_(pakistan).png"")",Which country does this flag belong to?,Trinidad and Tobago,France,Saint Kitts and Nevis,Pakistan,Pakistan
Set_58,173,Oman,"=IMAGE(""https://davidlikescat.github.io/003_CC_Flags/canva_upload_ready/flag_images/png/Set_58_173_(oman).png"")",Which country does this flag belong to?,Oman,"Congo, the Democratic Republic of the",Barbados,Bermuda,Oman
Set_58,174,Pitcairn,"=IMAGE(""https://davidlikescat.github.io/003_CC_Flags/canva_upload_ready/flag_images/png/Set_58_174_(pitcairn).png"")",Which country does this flag belong to?,Bhutan,Pitcairn,South Georgia and the South Sandwich Islands,Saint Barthélemy,Pitcairn
Set_59,175,Panama,"=IMAGE(""https://davidlikescat.github.io/003_CC_Flags/canva_upload_ready/flag_images/png/Set_59_175_(panama).png"")",Which country does this flag belong to?,Montserrat,Grenada,Panama,United Arab Emirates,Panama
Set_59,176,Qatar,"=IMAGE(""https://davidlikescat.github.io/003_CC_Flags/canva_upload_ready/flag_images/png/Set_59_176_(qatar).png"")",Which country does this flag belong to?,Chad,Qatar,Ireland,Mozambique,Qatar
Set_59,177,Puerto Rico,"=IMAGE(""https://davidlikescat.github.io/003_CC_Flags/canva_upload_ready/flag_images/png/Set_59_177_(puerto_rico).png"")",Which country does this flag belong to?,Puerto Rico,Slovenia,Aruba,United Kingdom,Puerto Rico
Set_60,178,Papua New Guinea,"=IMAGE(""https://davidlikescat.github.io/003_CC_Flags/canva_upload_ready/flag_images/png/Set_60_178_(papua_new_guinea).png"")",Which country does this flag belong to?,Holy See,Papua New Guinea,Anguilla,Spain,Papua New Guinea
Set_60,179,Saint Kitts and Nevis,"=IMAGE(""https://davidlikescat.github.io/003_CC_Flags/canva_upload_ready/flag_images/png/Set_60_179_(saint_kitts_and_nevis).png"")",Which country does this flag belong to?,Slovenia,Jersey,Saint Kitts and Nevis,Albania,Saint Kitts and Nevis
Set_60,180,Republic of the Congo,"=IMAGE(""https://davidlikescat.github.io/003_CC_Flags/canva_upload_ready/flag_images/png/Set_60_180_(republic_of_the_congo).png"")",Which country does this flag belong to?,Republic of the Congo,Slovakia,Togo,Thailand,Republic of the Congo
Set_61,181,Paraguay,"=IMAGE(""https://davidlikescat.github.io/003_CC_Flags/canva_upload_ready/flag_images/png/Set_61_181_(paraguay).png"")",Which country does this flag belong to?,Kingdom of Eswatini,Nigeria,Montserrat,Paraguay,Paraguay
Set_61,182,Saint Lucia,"=IMAGE(""https://davidlikescat.github.io/003_CC_Flags/canva_upload_ready/flag_images/png/Set_61_182_(saint_lucia).png"")",Which country does this flag belong to?,Europe,Tokelau,Saint Lucia,Luxembourg,Saint Lucia
Set_61,183,Republic of Türkiye,"=IMAGE(""https://davidlikescat.github.io/003_CC_Flags/canva_upload_ready/flag_images/png/Set_61_183_(republic_of_türkiye).png"")",Which country does this flag belong to?,Republic of Türkiye,"Micronesia, Federated States of",British Indian Ocean Territory,Kenya,Republic of Türkiye
Set_62,184,Peru,"=IMAGE(""https://davidlikescat.github.io/003_CC_Flags/canva_upload_ready/flag_images/png/Set_62_184_(peru).png"")",Which country does this flag belong to?,Sint Maarten,Yemen,Peru,Australia,Peru
Set_62,185,Samoa,"=IMAGE(""https://davidlikescat.github.io/003_CC_Flags/canva_upload_ready/flag_images/png/Set_62_185_(samoa).png"")",Which country does this flag belong to?,Nauru,Tajikistan,Samoa,Christmas Island,Samoa
Set_62,186,Russian Federation,"=IMAGE(""https://davidlikescat.github.io/003_CC_Flags/canva_upload_ready/flag_images/png/Set_62_186_(russian_federation).png"")",Which country does this flag belong to?,Saint Kitts and Nevis,Russian Federation,China,Gabon,Russian Federation
Set_63,187,Philippines,"=IMAGE(""https://davidlikescat.github.io/003_CC_Flags/canva_upload_ready/flag_images/png/Set_63_187_(philippines).png"")",Which country does this flag belong to?,"Virgin Islands, British",Philippines,England,India,Philippines
Set_63,188,San Marino,"=IMAGE(""https://davidlikescat.github.io/003_CC_Flags/canva_upload_ready/flag_images/png/Set_63_188_(san_marino).png"")",Which country does this flag belong to?,Senegal,San Marino,Zambia,New Zealand,San Marino
Set_63,189,Rwanda,"=IMAGE(""https://davidlikescat.github.io/003_CC_Flags/canva_upload_ready/flag_images/png/Set_63_189_(rwanda).png"")",Which country does this flag belong to?,Gibraltar,"Korea, Republic of",Zambia,Rwanda,Rwanda
Set_64,190,Poland,"=IMAGE(""https://davidlikescat.github.io/003_CC_Flags/canva_upload_ready/flag_images/png/Set_64_190_(poland).png"")",Which country does this flag belong to?,Cook Islands,Poland,Latvia,Pitcairn,Poland
Set_64,191,Senegal,"=IMAGE(""https://davidlikescat.github.io/003_CC_Flags/canva_upload_ready/flag_images/png/Set_64_191_(senegal).png"")",Which country does this flag belong to?,Senegal,Philippines,Marshall Islands,Norfolk Island,Senegal
Set_64,192,Réunion,"=IMAGE(""https://davidlikescat.github.io/003_CC_Flags/canva_upload_ready/flag_images/png/Set_64_192_(réunion).png"")",Which country does this flag belong to?,Central African Republic,Libya,French Guiana,Réunion,Réunion
Set_65,193,Portugal,"=IMAGE(""https://davidlikescat.github.io/003_CC_Flags/canva_upload_ready/flag_images/png/Set_65_193_(portugal).png"")",Which country does this flag belong to?,Armenia,Tunisia,Guyana,Portugal,Portugal
Set_65,194,Seychelles,"=IMAGE(""https://davidlikescat.github.io/003_CC_Flags/canva_upload_ready/flag_images/png/Set_65_194_(seychelles).png"")",Which country does this flag belong to?,Seychelles,Albania,Northern Ireland,Mauritania,Seychelles
Set_65,195,Saint Barthélemy,"=IMAGE(""https://davidlikescat.github.io/003_CC_Flags/canva_upload_ready/flag_images/png/Set_65_195_(saint_barthélemy).png"")",Which country does this flag belong to?,Sierra Leone,Saint Barthélemy,Chad,Cook Islands,Saint Barthélemy
Set_66,196,Romania,"=IMAGE(""https://davidlikescat.github.io/003_CC_Flags/canva_upload_ready/flag_images/png/Set_66_196_(romania).png"")",Which country does this flag belong to?,Saudi Arabia,Kenya,British Indian Ocean Territory,Romania,Romania
Set_66,197,Somalia,"=IMAGE(""https://davidlikescat.github.io/003_CC_Flags/canva_upload_ready/flag_images/png/Set_66_197_(somalia).png"")",Which country does this flag belong to?,Côte d'Ivoire,Czech Republic,Somalia,Estonia,Somalia
Set_66,198,"Saint Helena, Ascension and Tristan da Cunha","=IMAGE(""https://davidlikescat.github.io/003_CC_Flags/canva_upload_ready/flag_images/png/Set_66_198_(saint_helena_ascension_and_tristan_da_cunha).png"")",Which country does this flag belong to?,"Saint Helena, Ascension and Tristan da Cunha",Philippines,Poland,France,"Saint Helena, Ascension and Tristan da Cunha"
Set_67,199,Saudi Arabia,"=IMAGE(""https://davidlikescat.github.io/003_CC_Flags/canva_upload_ready/flag_images/png/Set_67_199_(saudi_arabia).png"")",Which country does this flag belong to?,"Bolivia, Plurinational State of",Saudi Arabia,Mauritania,Indonesia,Saudi Arabia
Set_67,200,Sudan,"=IMAGE(""https://davidlikescat.github.io/003_CC_Flags/canva_upload_ready/flag_images/png/Set_67_200_(sudan).png"")",Which country does this flag belong to?,Turks and Caicos Islands,Sudan,Andorra,Bosnia and Herzegovina,Sudan
Set_67,201,Saint Martin,"=IMAGE(""https://davidlikescat.github.io/003_CC_Flags/canva_upload_ready/flag_images/png/Set_67_201_(saint_martin).png"")",Which country does this flag belong to?,Antarctica,Liechtenstein,Ukraine,Saint Martin,Saint Martin
Set_68,202,Serbia,"=IMAGE(""https://davidlikescat.github.io/003_CC_Flags/canva_upload_ready/flag_images/png/Set_68_202_(serbia).png"")",Which country does this flag belong to?,Dominica,Germany,Serbia,Nicaragua,Serbia
Set_68,203,Suriname,"=IMAGE(""https://davidlikescat.github.io/003_CC_Flags/canva_upload_ready/flag_images/png/Set_68_203_(suriname).png"")",Which country does this flag belong to?,Nepal,Brunei Darussalam,Suriname,Wallis and Futuna Islands,Suriname
Set_68,204,Saint Pierre and Miquelon,"=IMAGE(""https://davidlikescat.github.io/003_CC_Flags/canva_upload_ready/flag_images/png/Set_68_204_(saint_pierre_and_miquelon).png"")",Which country does this flag belong to?,Niue,Saint Pierre and Miquelon,Slovenia,Croatia,Saint Pierre and Miquelon
Set_69,205,Singapore,"=IMAGE(""https://davidlikescat.github.io/003_CC_Flags/canva_upload_ready/flag_images/png/Set_69_205_(singapore).png"")",Which country does this flag belong to?,Singapore,Kenya,Kiribati,Zimbabwe,Singapore
Set_69,206,Syrian Arab Republic,"=IMAGE(""https://davidlikescat.github.io/003_CC_Flags/canva_upload_ready/flag_images/png/Set_69_206_(syrian_arab_republic).png"")",Which country does this flag belong to?,Qatar,Syrian Arab Republic,Guam,Gambia,Syrian Arab Republic
Set_69,207,Saint Vincent and the Grenadines,"=IMAGE(""https://davidlikescat.github.io/003_CC_Flags/canva_upload_ready/flag_images/png/Set_69_207_(saint_vincent_and_the_grenadines).png"")",Which country does this flag belong to?,Saint Vincent and the Grenadines,Syrian Arab Republic,Antigua and Barbuda,Eritrea,Saint Vincent and the Grenadines
Set_70,208,Slovakia,"=IMAGE(""https://davidlikescat.github.io/003_CC_Flags/canva_upload_ready/flag_images/png/Set_70_208_(slovakia).png"")",Which country does this flag belong to?,Trinidad and Tobago,Benin,Slovakia,Faroe Islands,Slovakia
Set_70,209,Tajikistan,"=IMAGE(""https://davidlikescat.github.io/003_CC_Flags/canva_upload_ready/flag_images/png/Set_70_209_(tajikistan).png"")",Which country does this flag belong to?,Tajikistan,Saint Pierre and Miquelon,Czech Republic,"Saint Helena, Ascension and Tristan da Cunha",Tajikistan
Set_70,210,Sao Tome and Principe,"=IMAGE(""https://davidlikescat.github.io/003_CC_Flags/canva_upload_ready/flag_images/png/Set_70_210_(sao_tome_and_principe).png"")",Which country does this flag belong to?,Sao Tome and Principe,Seychelles,Bulgaria,Jordan,Sao Tome and Principe
Set_71,211,Slovenia,"=IMAGE(""https://davidlikescat.github.io/003_CC_Flags/canva_upload_ready/flag_images/png/Set_71_211_(slovenia).png"")",Which country does this flag belong to?,Spain,Saint Barthélemy,Malta,Slovenia,Slovenia
Set_71,212,Togo,"=IMAGE(""https://davidlikescat.github.io/003_CC_Flags/canva_upload_ready/flag_images/png/Set_71_212_(togo).png"")",Which country does this flag belong to?,Togo,Mali,Oman,Malta,Togo
Set_71,213,Scotland,"=IMAGE(""https://davidlikescat.github.io/003_CC_Flags/canva_upload_ready/flag_images/png/Set_71_213_(scotland).png"")",Which country does this flag belong to?,Taiwan (Republic of China),Uruguay,Scotland,Sierra Leone,Scotland
Set_72,214,South Africa,"=IMAGE(""https://davidlikescat.github.io/003_CC_Flags/canva_upload_ready/flag_images/png/Set_72_214_(south_africa).png"")",Which country does this flag belong to?,Sweden,South Africa,Spain,Togo,South Africa
Set_72,215,Tokelau,"=IMAGE(""https://davidlikescat.github.io/003_CC_Flags/canva_upload_ready/flag_images/png/Set_72_215_(tokelau).png"")",Which country does this flag belong to?,Tokelau,Togo,Belarus,Antarctica,Tokelau
Set_72,216,Sierra Leone,"=IMAGE(""https://davidlikescat.github.io/003_CC_Flags/canva_upload_ready/flag_images/png/Set_72_216_(sierra_leone).png"")",Which country does this flag belong to?,Comoros,Sierra Leone,Haiti,Chile,Sierra Leone
Set_73,217,Spain,"=IMAGE(""https://davidlikescat.github.io/003_CC_Flags/canva_upload_ready/flag_images/png/Set_73_217_(spain).png"")",Which country does this flag belong to?,Ecuador,Mauritius,Spain,Côte d'Ivoire,Spain
Set_73,218,Tonga,"=IMAGE(""https://davidlikescat.github.io/003_CC_Flags/canva_upload_ready/flag_images/png/Set_73_218_(tonga).png"")",Which country does this flag belong to?,Sweden,Bouvet Island,Europe,Tonga,Tonga
Set_73,219,Sint Maarten,"=IMAGE(""https://davidlikescat.github.io/003_CC_Flags/canva_upload_ready/flag_images/png/Set_73_219_(sint_maarten).png"")",Which country does this flag belong to?,Sint Maarten,Fiji,Montserrat,Jersey,Sint Maarten
Set_74,220,Sri Lanka,"=IMAGE(""https://davidlikescat.github.io/003_CC_Flags/canva_upload_ready/flag_images/png/Set_74_220_(sri_lanka).png"")",Which country does this flag belong to?,Pitcairn,Georgia,French Polynesia,Sri Lanka,Sri Lanka
Set_74,221,Turkmenistan,"=IMAGE(""https://davidlikescat.github.io/003_CC_Flags/canva_upload_ready/flag_images/png/Set_74_221_(turkmenistan).png"")",Which country does this flag belong to?,Turkmenistan,Mauritania,"Virgin Islands, British",Zimbabwe,Turkmenistan
Set_74,222,Solomon Islands,"=IMAGE(""https://davidlikescat.github.io/003_CC_Flags/canva_upload_ready/flag_images/png/Set_74_222_(solomon_islands).png"")",Which country does this flag belong to?,Norfolk Island,Brazil,Chile,Solomon Islands,Solomon Islands
Set_75,223,Sweden,"=IMAGE(""https://davidlikescat.github.io/003_CC_Flags/canva_upload_ready/flag_images/png/Set_75_223_(sweden).png"")",Which country does this flag belong to?,Sweden,United States,Hong Kong,Tonga,Sweden
Set_75,224,Tuvalu,"=IMAGE(""https://davidlikescat.github.io/003_CC_Flags/canva_upload_ready/flag_images/png/Set_75_224_(tuvalu).png"")",Which country does this flag belong to?,Qatar,Tuvalu,Austria,Holy See,Tuvalu
Set_75,225,South Georgia and the South Sandwich Islands,"=IMAGE(""https://davidlikescat.github.io/003_CC_Flags/canva_upload_ready/flag_images/png/Set_75_225_(south_georgia_and_the_south_sandwich_islands).png"")",Which country does this flag belong to?,South Georgia and the South Sandwich Islands,Belarus,Bahrain,Svalbard and Jan Mayen Islands,South Georgia and the South Sandwich Islands
Set_76,226,Switzerland,"=IMAGE(""https://davidlikescat.github.io/003_CC_Flags/canva_upload_ready/flag_images/png/Set_76_226_(switzerland).png"")",Which country does this flag belong to?,Switzerland,Tunisia,Cameroon,Mongolia,Switzerland
Set_76,227,Uganda,"=IMAGE(""https://davidlikescat.github.io/003_CC_Flags/canva_upload_ready/flag_images/png/Set_76_227_(uganda).png"")",Which country does this flag belong to?,United States,Uganda,Timor-Leste,Scotland,Uganda
Set_76,228,South Sudan,"=IMAGE(""https://davidlikescat.github.io/003_CC_Flags/canva_upload_ready/flag_images/png/Set_76_228_(south_sudan).png"")",Which country does this flag belong to?,Lithuania,South Sudan,Myanmar,Anguilla,South Sudan
Set_77,229,Thailand,"=IMAGE(""https://davidlikescat.github.io/003_CC_Flags/canva_upload_ready/flag_images/png/Set_77_229_(thailand).png"")",Which country does this flag belong to?,Costa Rica,Thailand,Latvia,Isle of Man,Thailand
Set_77,230,United Arab Emirates,"=IMAGE(""https://davidlikescat.github.io/003_CC_Flags/canva_upload_ready/flag_images/png/Set_77_230_(united_arab_emirates).png"")",Which country does this flag belong to?,United Arab Emirates,Nigeria,Saint Martin,Uzbekistan,United Arab Emirates
Set_77,231,Svalbard and Jan Mayen Islands,"=IMAGE(""https://davidlikescat.github.io/003_CC_Flags/canva_upload_ready/flag_images/png/Set_77_231_(svalbard_and_jan_mayen_islands).png"")",Which country does this flag belong to?,Svalbard and Jan Mayen Islands,Scotland,Haiti,Indonesia,Svalbard and Jan Mayen Islands
Set_78,232,Tunisia,"=IMAGE(""https://davidlikescat.github.io/003_CC_Flags/canva_upload_ready/flag_images/png/Set_78_232_(tunisia).png"")",Which country does this flag belong to?,Cape Verde,Cayman Islands,Martinique,Tunisia,Tunisia
Set_78,233,US Minor Outlying Islands,"=IMAGE(""https://davidlikescat.github.io/003_CC_Flags/canva_upload_ready/flag_images/png/Set_78_233_(us_minor_outlying_islands).png"")",Which country does this flag belong to?,Nigeria,Solomon Islands,Guinea,US Minor Outlying Islands,US Minor Outlying Islands
Set_78,234,Taiwan (Republic of China),"=IMAGE(""https://davidlikescat.github.io/003_CC_Flags/canva_upload_ready/flag_images/png/Set_78_234_(taiwan).png"")",Which country does this flag belong to?,Western Sahara,Taiwan (Republic of China),Jersey,Saint Barthélemy,Taiwan (Republic of China)
Set_79,235,Ukraine,"=IMAGE(""https://davidlikescat.github.io/003_CC_Flags/canva_upload_ready/flag_images/png/Set_79_235_(ukraine).png"")",Which country does this flag belong to?,Western Sahara,Ukraine,Argentina,British Indian Ocean Territory,Ukraine
Set_79,236,Uzbekistan,"=IMAGE(""https://davidlikescat.github.io/003_CC_Flags/canva_upload_ready/flag_images/png/Set_79_236_(uzbekistan).png"")",Which country does this flag belong to?,Honduras,Uzbekistan,French Guiana,Belgium,Uzbekistan
Set_79,237,"Tanzania, United Republic of","=IMAGE(""https://davidlikescat.github.io/003_CC_Flags/canva_upload_ready/flag_images/png/Set_79_237_(tanzania_united).png"")",Which country does this flag belong to?,"Tanzania, United Republic of",Kenya,Tonga,Christmas Island,"Tanzania, United Republic of"
Set_80,238,United Kingdom,"=IMAGE(""https://davidlikescat.github.io/003_CC_Flags/canva_upload_ready/flag_images/png/Set_80_238_(united_kingdom).png"")",Which country does this flag belong to?,Barbados,Mayotte,United Kingdom,Taiwan (Republic of China),United Kingdom
Set_80,239,Vanuatu,"=IMAGE(""https://davidlikescat.github.io/003_CC_Flags/canva_upload_ready/flag_images/png/Set_80_239_(vanuatu).png"")",Which country does this flag belong to?,Vanuatu,Saint Barthélemy,Uganda,Monaco,Vanuatu
Set_80,240,Timor-Leste,"=IMAGE(""https://davidlikescat.github.io/003_CC_Flags/canva_upload_ready/flag_images/png/Set_80_240_(timor-leste).png"")",Which country does this flag belong to?,Afghanistan,Malaysia,Timor-Leste,Greece,Timor-Leste
Set_81,241,United States,"=IMAGE(""https://davidlikescat.github.io/003_CC_Flags/canva_upload_ready/flag_images/png/Set_81_241_(united_states).png"")",Which country does this flag belong to?,Saint Pierre and Miquelon,United States,Monaco,Heard Island and McDonald Islands,United States
Set_81,242,"Virgin Islands, British","=IMAGE(""https://davidlikescat.github.io/003_CC_Flags/canva_upload_ready/flag_images/png/Set_81_242_(virgin_islands_british).png"")",Which country does this flag belong to?,"Virgin Islands, British",Lebanon,French Southern Territories,Monaco,"Virgin Islands, British"
Set_81,243,Trinidad and Tobago,"=IMAGE(""https://davidlikescat.github.io/003_CC_Flags/canva_upload_ready/flag_images/png/Set_81_243_(trinidad_and_tobago).png"")",Which country does this flag belong to?,Ireland,Wallis and Futuna Islands,Trinidad and Tobago,Åland Islands,Trinidad and Tobago
Set_82,244,Uruguay,"=IMAGE(""https://davidlikescat.github.io/003_CC_Flags/canva_upload_ready/flag_images/png/Set_82_244_(uruguay).png"")",Which country does this flag belong to?,"Saint Helena, Ascension and Tristan da Cunha",Libya,Hungary,Uruguay,Uruguay
Set_82,245,Virgin Islands Us,"=IMAGE(""https://davidlikescat.github.io/003_CC_Flags/canva_upload_ready/flag_images/png/Set_82_245_(virgin_islands_us).png"")",Which country does this flag belong to?,Virgin Islands Us,Saudi Arabia,Senegal,Côte d'Ivoire,Virgin Islands Us
Set_82,246,Turks and Caicos Islands,"=IMAGE(""https://davidlikescat.github.io/003_CC_Flags/canva_upload_ready/flag_images/png/Set_82_246_(turks_and_caicos_islands).png"")",Which country does this flag belong to?,Turks and Caicos Islands,Kyrgyzstan,Montserrat,Mozambique,Turks and Caicos Islands
Set_83,247,"Venezuela, Bolivarian Republic of","=IMAGE(""https://davidlikescat.github.io/003_CC_Flags/canva_upload_ready/flag_images/png/Set_83_247_(venezuela_bolivarian).png"")",Which country does this flag belong to?,Vanuatu,Taiwan (Republic of China),Western Sahara,"Venezuela, Bolivarian Republic of","Venezuela, Bolivarian Republic of"
Set_83,248,Wallis and Futuna Islands,"=IMAGE(""https://davidlikescat.github.io/003_CC_Flags/canva_upload_ready/flag_images/png/Set_83_248_(wallis_and_futuna_islands).png"")",Which country does this flag belong to?,Wallis and Futuna Islands,Faroe Islands,Cocos Islands,Ethiopia,Wallis and Futuna Islands
Set_83,249,Wales,"=IMAGE(""https://davidlikescat.github.io/003_CC_Flags/canva_upload_ready/flag_images/png/Set_83_249_(wales).png"")",Which country does this flag belong to?,Thailand,Kyrgyzstan,Wales,"Virgin Islands, British",Wales
Set_84,250,Vietnam,"=IMAGE(""https://davidlikescat.github.io/003_CC_Flags/canva_upload_ready/flag_images/png/Set_84_250_(vietnam).png"")",Which country does this flag belong to?,South Georgia and the South Sandwich Islands,Vietnam,Greenland,Antigua and Barbuda,Vietnam
Set_84,251,Yemen,"=IMAGE(""https://davidlikescat.github.io/003_CC_Flags/canva_upload_ready/flag_images/png/Set_84_251_(yemen).png"")",Which country does this flag belong to?,Yemen,"Tanzania, United Republic of",Armenia,Uruguay,Yemen
Set_84,252,Western Sahara,"=IMAGE(""https://davidlikescat.github.io/003_CC_Flags/canva_upload_ready/flag_images/png/Set_84_252_(western_sahara).png"")",Which country does this flag belong to?,Ecuador,Western Sahara,Slovakia,Thailand,Western Sahara
Set_85,253,Zimbabwe,"=IMAGE(""https://davidlikescat.github.io/003_CC_Flags/canva_upload_ready/flag_images/png/Set_85_253_(zimbabwe).png"")",Which country does this flag belong to?,Angola,Pakistan,Zimbabwe,Malta,Zimbabwe
Set_85,254,Zambia,"=IMAGE(""https://davidlikescat.github.io/003_CC_Flags/canva_upload_ready/flag_images/png/Set_85_254_(zambia).png"")",Which country does this flag belong to?,Zambia,Uzbekistan,Ghana,Tuvalu,Zambia
Set_85,255,Åland Islands,"=IMAGE(""https://davidlikescat.github.io/003_CC_Flags/canva_upload_ready/flag_images/png/Set_85_255_(åland_islands).png"")",Which country does this flag belong to?,Tunisia,Costa Rica,North Macedonia,Åland Islands,Åland Islands
